--
-- PostgreSQL database dump
--

-- Dumped from database version 12.2
-- Dumped by pg_dump version 12.2

-- Started on 2020-05-07 17:41:05

SET statement_timeout = 0;
SET lock_timeout = 0;
SET idle_in_transaction_session_timeout = 0;
SET client_encoding = 'UTF8';
SET standard_conforming_strings = on;
SELECT pg_catalog.set_config('search_path', '', false);
SET check_function_bodies = false;
SET xmloption = content;
SET client_min_messages = warning;
SET row_security = off;

--
-- TOC entry 8 (class 2615 OID 16400)
-- Name: sms; Type: SCHEMA; Schema: -; Owner: postgres
--

CREATE SCHEMA sms;


ALTER SCHEMA sms OWNER TO postgres;

--
-- TOC entry 9 (class 2615 OID 16399)
-- Name: um; Type: SCHEMA; Schema: -; Owner: postgres
--

CREATE SCHEMA um;


ALTER SCHEMA um OWNER TO postgres;

SET default_tablespace = '';

SET default_table_access_method = heap;

--
-- TOC entry 206 (class 1259 OID 16403)
-- Name: CalendarEvents99; Type: TABLE; Schema: public; Owner: postgres
--

CREATE TABLE public."CalendarEvents99" (
    "Id" integer NOT NULL,
    "DateDay" integer NOT NULL,
    "MonthId" integer NOT NULL,
    "DayName" text,
    "MonthName" text,
    "Description" text,
    "IsClose" text
);


ALTER TABLE public."CalendarEvents99" OWNER TO postgres;

--
-- TOC entry 205 (class 1259 OID 16401)
-- Name: CalendarEvents99_Id_seq; Type: SEQUENCE; Schema: public; Owner: postgres
--

ALTER TABLE public."CalendarEvents99" ALTER COLUMN "Id" ADD GENERATED BY DEFAULT AS IDENTITY (
    SEQUENCE NAME public."CalendarEvents99_Id_seq"
    START WITH 1
    INCREMENT BY 1
    NO MINVALUE
    NO MAXVALUE
    CACHE 1
);


--
-- TOC entry 204 (class 1259 OID 16394)
-- Name: __EFMigrationsHistory; Type: TABLE; Schema: public; Owner: postgres
--

CREATE TABLE public."__EFMigrationsHistory" (
    "MigrationId" character varying(150) NOT NULL,
    "ProductVersion" character varying(32) NOT NULL
);


ALTER TABLE public."__EFMigrationsHistory" OWNER TO postgres;

--
-- TOC entry 208 (class 1259 OID 16413)
-- Name: BusinessCard; Type: TABLE; Schema: sms; Owner: postgres
--

CREATE TABLE sms."BusinessCard" (
    id bigint NOT NULL,
    "userId" bigint,
    "createDate" timestamp without time zone,
    "groupId" bigint,
    "isBlocked" boolean,
    status smallint,
    "templateId" bigint,
    "numberId" bigint,
    key character varying(500)
);


ALTER TABLE sms."BusinessCard" OWNER TO postgres;

--
-- TOC entry 3165 (class 0 OID 0)
-- Dependencies: 208
-- Name: TABLE "BusinessCard"; Type: COMMENT; Schema: sms; Owner: postgres
--

COMMENT ON TABLE sms."BusinessCard" IS 'اطلاعات مربوط به کارت ویزیت';


--
-- TOC entry 207 (class 1259 OID 16411)
-- Name: BusinessCard_id_seq; Type: SEQUENCE; Schema: sms; Owner: postgres
--

ALTER TABLE sms."BusinessCard" ALTER COLUMN id ADD GENERATED ALWAYS AS IDENTITY (
    SEQUENCE NAME sms."BusinessCard_id_seq"
    START WITH 1
    INCREMENT BY 1
    NO MINVALUE
    NO MAXVALUE
    CACHE 1
);


--
-- TOC entry 246 (class 1259 OID 16614)
-- Name: CreditInfo; Type: TABLE; Schema: sms; Owner: postgres
--

CREATE TABLE sms."CreditInfo" (
    "userId" bigint NOT NULL,
    discount smallint DEFAULT 0,
    credit numeric(20,2) DEFAULT 0
);


ALTER TABLE sms."CreditInfo" OWNER TO postgres;

--
-- TOC entry 248 (class 1259 OID 16628)
-- Name: NumberInfo; Type: TABLE; Schema: sms; Owner: postgres
--

CREATE TABLE sms."NumberInfo" (
    id bigint NOT NULL,
    number character varying(50),
    "isShared" boolean,
    "isBlocked" boolean,
    owner bigint,
    type smallint,
    username character varying(100),
    password character varying(100),
    "createDate" timestamp without time zone,
    "lastReceivedId" bigint
);


ALTER TABLE sms."NumberInfo" OWNER TO postgres;

--
-- TOC entry 3166 (class 0 OID 0)
-- Dependencies: 248
-- Name: TABLE "NumberInfo"; Type: COMMENT; Schema: sms; Owner: postgres
--

COMMENT ON TABLE sms."NumberInfo" IS 'اطلاعات مربوط به شماره های خدماتی و  پیام انبوه';


--
-- TOC entry 247 (class 1259 OID 16626)
-- Name: NumberInfo_id_seq; Type: SEQUENCE; Schema: sms; Owner: postgres
--

ALTER TABLE sms."NumberInfo" ALTER COLUMN id ADD GENERATED ALWAYS AS IDENTITY (
    SEQUENCE NAME sms."NumberInfo_id_seq"
    START WITH 1
    INCREMENT BY 1
    NO MINVALUE
    NO MAXVALUE
    CACHE 1
);


--
-- TOC entry 210 (class 1259 OID 16423)
-- Name: PanelInfo; Type: TABLE; Schema: sms; Owner: postgres
--

CREATE TABLE sms."PanelInfo" (
    id bigint NOT NULL,
    "userId" bigint,
    "createDate" timestamp without time zone,
    "lastActivity" timestamp without time zone,
    version character varying(100),
    number character varying(100),
    serial character varying(200),
    "hashId" character varying(200),
    name character varying(500),
    "groupId" bigint,
    "isBlocked" boolean,
    status smallint,
    "templateId" bigint,
    "numberId" bigint,
    "hasForm" boolean
);


ALTER TABLE sms."PanelInfo" OWNER TO postgres;

--
-- TOC entry 3167 (class 0 OID 0)
-- Dependencies: 210
-- Name: TABLE "PanelInfo"; Type: COMMENT; Schema: sms; Owner: postgres
--

COMMENT ON TABLE sms."PanelInfo" IS 'اطلاعات مربوط به پنل های پایانک';


--
-- TOC entry 209 (class 1259 OID 16421)
-- Name: PanelInfo_id_seq; Type: SEQUENCE; Schema: sms; Owner: postgres
--

ALTER TABLE sms."PanelInfo" ALTER COLUMN id ADD GENERATED ALWAYS AS IDENTITY (
    SEQUENCE NAME sms."PanelInfo_id_seq"
    START WITH 1
    INCREMENT BY 1
    NO MINVALUE
    NO MAXVALUE
    CACHE 1
);


--
-- TOC entry 212 (class 1259 OID 16433)
-- Name: PanelVersionInfo; Type: TABLE; Schema: sms; Owner: postgres
--

CREATE TABLE sms."PanelVersionInfo" (
    id bigint NOT NULL,
    "createDate" timestamp without time zone,
    "nickName" character varying(200),
    path text,
    "minVersion" numeric(20,2),
    "maxVersion" numeric(20,2)
);


ALTER TABLE sms."PanelVersionInfo" OWNER TO postgres;

--
-- TOC entry 3168 (class 0 OID 0)
-- Dependencies: 212
-- Name: TABLE "PanelVersionInfo"; Type: COMMENT; Schema: sms; Owner: postgres
--

COMMENT ON TABLE sms."PanelVersionInfo" IS 'اطلاعات ورژن پنل ها';


--
-- TOC entry 211 (class 1259 OID 16431)
-- Name: PanelVersionInfo_id_seq; Type: SEQUENCE; Schema: sms; Owner: postgres
--

ALTER TABLE sms."PanelVersionInfo" ALTER COLUMN id ADD GENERATED ALWAYS AS IDENTITY (
    SEQUENCE NAME sms."PanelVersionInfo_id_seq"
    START WITH 1
    INCREMENT BY 1
    NO MINVALUE
    NO MAXVALUE
    CACHE 1
);


--
-- TOC entry 250 (class 1259 OID 16640)
-- Name: PersonalTemplate; Type: TABLE; Schema: sms; Owner: postgres
--

CREATE TABLE sms."PersonalTemplate" (
    id bigint NOT NULL,
    "userId" bigint,
    name character varying(200),
    body text
);


ALTER TABLE sms."PersonalTemplate" OWNER TO postgres;

--
-- TOC entry 3169 (class 0 OID 0)
-- Dependencies: 250
-- Name: TABLE "PersonalTemplate"; Type: COMMENT; Schema: sms; Owner: postgres
--

COMMENT ON TABLE sms."PersonalTemplate" IS 'تمپلیت های ساخته شده توسط کاربر برای ارسال پیام';


--
-- TOC entry 249 (class 1259 OID 16638)
-- Name: PersonalTemplate_id_seq; Type: SEQUENCE; Schema: sms; Owner: postgres
--

ALTER TABLE sms."PersonalTemplate" ALTER COLUMN id ADD GENERATED ALWAYS AS IDENTITY (
    SEQUENCE NAME sms."PersonalTemplate_id_seq"
    START WITH 1
    INCREMENT BY 1
    NO MINVALUE
    NO MAXVALUE
    CACHE 1
);


--
-- TOC entry 214 (class 1259 OID 16443)
-- Name: ReceiveInfo; Type: TABLE; Schema: sms; Owner: postgres
--

CREATE TABLE sms."ReceiveInfo" (
    id bigint NOT NULL,
    sender character varying(20),
    receiver character varying(20),
    date timestamp without time zone,
    "msgId" character varying(20),
    body text,
    count bigint
);


ALTER TABLE sms."ReceiveInfo" OWNER TO postgres;

--
-- TOC entry 3170 (class 0 OID 0)
-- Dependencies: 214
-- Name: TABLE "ReceiveInfo"; Type: COMMENT; Schema: sms; Owner: postgres
--

COMMENT ON TABLE sms."ReceiveInfo" IS 'لیست پیام های دریافتی';


--
-- TOC entry 213 (class 1259 OID 16441)
-- Name: ReceiveInfo_id_seq; Type: SEQUENCE; Schema: sms; Owner: postgres
--

ALTER TABLE sms."ReceiveInfo" ALTER COLUMN id ADD GENERATED ALWAYS AS IDENTITY (
    SEQUENCE NAME sms."ReceiveInfo_id_seq"
    START WITH 1
    INCREMENT BY 1
    NO MINVALUE
    NO MAXVALUE
    CACHE 1
);


--
-- TOC entry 216 (class 1259 OID 16453)
-- Name: ScheduleSmsDetail; Type: TABLE; Schema: sms; Owner: postgres
--

CREATE TABLE sms."ScheduleSmsDetail" (
    id bigint NOT NULL,
    "parentId" bigint,
    "userId" bigint,
    date timestamp without time zone,
    "updatedDate" timestamp without time zone,
    counter bigint
);


ALTER TABLE sms."ScheduleSmsDetail" OWNER TO postgres;

--
-- TOC entry 3171 (class 0 OID 0)
-- Dependencies: 216
-- Name: TABLE "ScheduleSmsDetail"; Type: COMMENT; Schema: sms; Owner: postgres
--

COMMENT ON TABLE sms."ScheduleSmsDetail" IS 'اطلاعات کاربران یک ارسال زماندار';


--
-- TOC entry 215 (class 1259 OID 16451)
-- Name: ScheduleSmsDetail_id_seq; Type: SEQUENCE; Schema: sms; Owner: postgres
--

ALTER TABLE sms."ScheduleSmsDetail" ALTER COLUMN id ADD GENERATED ALWAYS AS IDENTITY (
    SEQUENCE NAME sms."ScheduleSmsDetail_id_seq"
    START WITH 1
    INCREMENT BY 1
    NO MINVALUE
    NO MAXVALUE
    CACHE 1
);


--
-- TOC entry 218 (class 1259 OID 16460)
-- Name: ScheduleSmsInfo; Type: TABLE; Schema: sms; Owner: postgres
--

CREATE TABLE sms."ScheduleSmsInfo" (
    id bigint NOT NULL,
    name character varying(500),
    code bigint,
    "userId" bigint,
    "addedYear" integer,
    "addedMonth" integer,
    "addedDay" integer,
    status smallint,
    "createDate" timestamp without time zone,
    "templateId" bigint,
    "numberId" bigint
);


ALTER TABLE sms."ScheduleSmsInfo" OWNER TO postgres;

--
-- TOC entry 3172 (class 0 OID 0)
-- Dependencies: 218
-- Name: TABLE "ScheduleSmsInfo"; Type: COMMENT; Schema: sms; Owner: postgres
--

COMMENT ON TABLE sms."ScheduleSmsInfo" IS 'اطلاعات پیام زمان دار';


--
-- TOC entry 217 (class 1259 OID 16458)
-- Name: ScheduleSmsInfo_id_seq; Type: SEQUENCE; Schema: sms; Owner: postgres
--

ALTER TABLE sms."ScheduleSmsInfo" ALTER COLUMN id ADD GENERATED ALWAYS AS IDENTITY (
    SEQUENCE NAME sms."ScheduleSmsInfo_id_seq"
    START WITH 1
    INCREMENT BY 1
    NO MINVALUE
    NO MAXVALUE
    CACHE 1
);


--
-- TOC entry 220 (class 1259 OID 16470)
-- Name: SentInfo; Type: TABLE; Schema: sms; Owner: postgres
--

CREATE TABLE sms."SentInfo" (
    id bigint NOT NULL,
    numbers text,
    "groupIds" text,
    kind integer DEFAULT 0,
    status smallint DEFAULT 0,
    deliveries text,
    "sendNumber" character varying(50),
    "userId" bigint,
    header character varying(200),
    body text,
    "sentDate" timestamp without time zone,
    "rectIds" text,
    count bigint,
    "calculatedCount" bigint,
    price numeric(20,2)
);


ALTER TABLE sms."SentInfo" OWNER TO postgres;

--
-- TOC entry 3173 (class 0 OID 0)
-- Dependencies: 220
-- Name: TABLE "SentInfo"; Type: COMMENT; Schema: sms; Owner: postgres
--

COMMENT ON TABLE sms."SentInfo" IS 'برا مشاهده پیام های ارسال شده';


--
-- TOC entry 219 (class 1259 OID 16468)
-- Name: SentInfo_id_seq; Type: SEQUENCE; Schema: sms; Owner: postgres
--

ALTER TABLE sms."SentInfo" ALTER COLUMN id ADD GENERATED ALWAYS AS IDENTITY (
    SEQUENCE NAME sms."SentInfo_id_seq"
    START WITH 1
    INCREMENT BY 1
    NO MINVALUE
    NO MAXVALUE
    CACHE 1
);


--
-- TOC entry 222 (class 1259 OID 16482)
-- Name: Settings; Type: TABLE; Schema: sms; Owner: postgres
--

CREATE TABLE sms."Settings" (
    id bigint NOT NULL,
    "lastRecivedSmsId" bigint,
    "smsPrice" numeric(20,2),
    "smsDiscount" smallint DEFAULT 0,
    "formKey" character varying(50),
    "formMessage" text
);


ALTER TABLE sms."Settings" OWNER TO postgres;

--
-- TOC entry 221 (class 1259 OID 16480)
-- Name: Settings_id_seq; Type: SEQUENCE; Schema: sms; Owner: postgres
--

ALTER TABLE sms."Settings" ALTER COLUMN id ADD GENERATED ALWAYS AS IDENTITY (
    SEQUENCE NAME sms."Settings_id_seq"
    START WITH 1
    INCREMENT BY 1
    NO MINVALUE
    NO MAXVALUE
    CACHE 1
);


--
-- TOC entry 224 (class 1259 OID 16493)
-- Name: TaskInfo; Type: TABLE; Schema: sms; Owner: postgres
--

CREATE TABLE sms."TaskInfo" (
    id bigint NOT NULL,
    "userId" bigint,
    percent integer,
    message text,
    status smallint,
    header text,
    guid character varying(50)
);


ALTER TABLE sms."TaskInfo" OWNER TO postgres;

--
-- TOC entry 3174 (class 0 OID 0)
-- Dependencies: 224
-- Name: TABLE "TaskInfo"; Type: COMMENT; Schema: sms; Owner: postgres
--

COMMENT ON TABLE sms."TaskInfo" IS 'اطلاعات تسک های کامل شده در سایت';


--
-- TOC entry 223 (class 1259 OID 16491)
-- Name: TaskInfo_id_seq; Type: SEQUENCE; Schema: sms; Owner: postgres
--

ALTER TABLE sms."TaskInfo" ALTER COLUMN id ADD GENERATED ALWAYS AS IDENTITY (
    SEQUENCE NAME sms."TaskInfo_id_seq"
    START WITH 1
    INCREMENT BY 1
    NO MINVALUE
    NO MAXVALUE
    CACHE 1
);


--
-- TOC entry 225 (class 1259 OID 16501)
-- Name: vwBusinessCard; Type: TABLE; Schema: sms; Owner: postgres
--

CREATE TABLE sms."vwBusinessCard" (
    id bigint,
    "createDate" timestamp without time zone,
    "isBlocked" boolean,
    status smallint,
    "userId" bigint,
    username character varying(100),
    email character varying(500),
    "mobilePhone" character varying(15),
    "firstName" character varying(50),
    "lastName" character varying(100),
    "nickName" character varying(100),
    birthday timestamp without time zone,
    gender smallint,
    discount smallint,
    credit numeric(20,2),
    "groupId" bigint,
    "groupName" character varying(100),
    "groupTitle" character varying(500),
    "groupStatus" smallint,
    "groupPicture" text,
    "templateId" bigint,
    "templateName" character varying(200),
    "templateBody" text,
    "numberId" bigint,
    "numberSend" character varying(50),
    "numberIsShared" boolean,
    "numberIsBlocked" boolean,
    "numberOwner" bigint,
    "numberType" smallint,
    "numberUsername" character varying(100),
    "numberPassword" character varying(100),
    key character varying(500),
    "formGuid" text,
    "isFormValid" integer
);


ALTER TABLE sms."vwBusinessCard" OWNER TO postgres;

--
-- TOC entry 3175 (class 0 OID 0)
-- Dependencies: 225
-- Name: TABLE "vwBusinessCard"; Type: COMMENT; Schema: sms; Owner: postgres
--

COMMENT ON TABLE sms."vwBusinessCard" IS 'اطلاعات کامل کارت ویزیت';


--
-- TOC entry 226 (class 1259 OID 16507)
-- Name: vwNumber; Type: TABLE; Schema: sms; Owner: postgres
--

CREATE TABLE sms."vwNumber" (
    id bigint,
    number character varying(50),
    "isShared" boolean,
    "isBlocked" boolean,
    owner bigint,
    type smallint,
    username character varying(100),
    password character varying(100),
    "createDate" timestamp without time zone,
    "ownerUsername" character varying(100),
    email character varying(500),
    "mobilePhone" character varying(15),
    "firstName" character varying(50),
    "lastName" character varying(100),
    gender smallint,
    address character varying(500),
    "formGuid" text,
    "isFormValid" integer
);


ALTER TABLE sms."vwNumber" OWNER TO postgres;

--
-- TOC entry 3176 (class 0 OID 0)
-- Dependencies: 226
-- Name: TABLE "vwNumber"; Type: COMMENT; Schema: sms; Owner: postgres
--

COMMENT ON TABLE sms."vwNumber" IS 'اطلاعات شماره به همراه مالک';


--
-- TOC entry 227 (class 1259 OID 16513)
-- Name: vwPanel; Type: TABLE; Schema: sms; Owner: postgres
--

CREATE TABLE sms."vwPanel" (
    id bigint,
    "createDate" timestamp without time zone,
    "lastActivity" timestamp without time zone,
    version character varying(100),
    number character varying(100),
    serial character varying(200),
    name character varying(500),
    "userId" bigint,
    username character varying(100),
    email character varying(500),
    "mobilePhone" character varying(15),
    "firstName" character varying(50),
    "lastName" character varying(100),
    gender smallint,
    birthday timestamp without time zone,
    longitude double precision,
    latitude double precision,
    "groupName" character varying(100),
    "groupTitle" character varying(500),
    "groupDescription" text,
    "groupId" bigint,
    "groupPicture" text,
    "hashId" character varying(200),
    "isBlocked" boolean,
    status smallint,
    "templateId" bigint,
    "templateName" character varying(200),
    "templateBody" text,
    "numberId" bigint,
    "sendNumber" character varying(50),
    "sendIsShared" boolean,
    "sendIsBlocked" boolean,
    "sendType" smallint,
    "sendUsername" character varying(100),
    "sendPassword" character varying(100),
    "formGuid" text,
    "isFormValid" integer
);


ALTER TABLE sms."vwPanel" OWNER TO postgres;

--
-- TOC entry 3177 (class 0 OID 0)
-- Dependencies: 227
-- Name: TABLE "vwPanel"; Type: COMMENT; Schema: sms; Owner: postgres
--

COMMENT ON TABLE sms."vwPanel" IS 'اطلاعات کامل پنل ها';


--
-- TOC entry 228 (class 1259 OID 16519)
-- Name: vwScheduleSms; Type: TABLE; Schema: sms; Owner: postgres
--

CREATE TABLE sms."vwScheduleSms" (
    id bigint,
    "parentId" bigint,
    "userId" bigint,
    date timestamp without time zone,
    "updatedDate" timestamp without time zone,
    counter bigint,
    "parentName" character varying(500),
    "parentCode" bigint,
    "addedYear" integer,
    "addedMonth" integer,
    "addedDay" integer,
    "ownerUsername" character varying(100),
    "ownerEmail" character varying(500),
    "ownerMobilePhone" character varying(15),
    "ownerFirstName" character varying(50),
    "ownerLastName" character varying(100),
    "ownerGender" smallint,
    username character varying(100),
    email character varying(500),
    "mobilePhone" character varying(15),
    "firstName" character varying(50),
    "lastName" character varying(100),
    "nickName" character varying(100),
    birthday timestamp without time zone,
    "specialDate" timestamp without time zone,
    gender smallint,
    discount smallint,
    credit numeric(20,2),
    "ownerId" bigint,
    "templateId" bigint,
    "numberId" bigint,
    "sendNumber" character varying(50),
    "sendIsShared" boolean,
    "sendIsBlocked" boolean,
    "sendType" smallint,
    "sendUsername" character varying(100),
    "sendPassword" character varying(100)
);


ALTER TABLE sms."vwScheduleSms" OWNER TO postgres;

--
-- TOC entry 3178 (class 0 OID 0)
-- Dependencies: 228
-- Name: TABLE "vwScheduleSms"; Type: COMMENT; Schema: sms; Owner: postgres
--

COMMENT ON TABLE sms."vwScheduleSms" IS 'اطلاعات کامل ارسال زماندار';


--
-- TOC entry 229 (class 1259 OID 16525)
-- Name: vwScheduleSmsInfo; Type: TABLE; Schema: sms; Owner: postgres
--

CREATE TABLE sms."vwScheduleSmsInfo" (
    "Name" character varying(500),
    "Code" bigint,
    "addedYear" integer,
    "addedMonth" integer,
    "addedDay" integer,
    "ownerUsername" character varying(100),
    "ownerEmail" character varying(500),
    "ownerMobilePhone" character varying(15),
    "ownerFirstName" character varying(50),
    "ownerLastName" character varying(100),
    discount smallint,
    credit numeric(20,2),
    id bigint,
    "userId" bigint,
    "ownerGender" smallint,
    status smallint,
    "templateId" bigint,
    "templateName" character varying(200),
    "templateBody" text,
    "numberId" bigint,
    "sendNumber" character varying(50),
    "sendIsShared" boolean,
    "sendIsBlocked" boolean,
    "sendType" smallint,
    "sendUsername" character varying(100),
    "sendPassword" character varying(100)
);


ALTER TABLE sms."vwScheduleSmsInfo" OWNER TO postgres;

--
-- TOC entry 230 (class 1259 OID 16531)
-- Name: vwTask; Type: TABLE; Schema: sms; Owner: postgres
--

CREATE TABLE sms."vwTask" (
    id bigint,
    "userId" bigint,
    percent integer,
    message text,
    status smallint,
    header text,
    username character varying(100),
    email character varying(500),
    "mobilePhone" character varying(15),
    "firstName" character varying(50),
    "lastName" character varying(100),
    gender smallint,
    birthday timestamp without time zone,
    longitude double precision,
    latitude double precision
);


ALTER TABLE sms."vwTask" OWNER TO postgres;

--
-- TOC entry 232 (class 1259 OID 16539)
-- Name: AccountInfo; Type: TABLE; Schema: um; Owner: postgres
--

CREATE TABLE um."AccountInfo" (
    id bigint NOT NULL,
    username character varying(100) NOT NULL,
    password character varying(500) NOT NULL,
    email character varying(500),
    "mobilePhone" character varying(15),
    "homePhone" character varying(15),
    "businessPhone" character varying(15),
    "createDate" timestamp without time zone NOT NULL,
    "lastLogin" timestamp without time zone NOT NULL,
    picture character varying(1000),
    "formGuid" text,
    "formDate" timestamp without time zone
);


ALTER TABLE um."AccountInfo" OWNER TO postgres;

--
-- TOC entry 3179 (class 0 OID 0)
-- Dependencies: 232
-- Name: TABLE "AccountInfo"; Type: COMMENT; Schema: um; Owner: postgres
--

COMMENT ON TABLE um."AccountInfo" IS 'Default Table For User Login Info';


--
-- TOC entry 231 (class 1259 OID 16537)
-- Name: AccountInfo_id_seq; Type: SEQUENCE; Schema: um; Owner: postgres
--

ALTER TABLE um."AccountInfo" ALTER COLUMN id ADD GENERATED ALWAYS AS IDENTITY (
    SEQUENCE NAME um."AccountInfo_id_seq"
    START WITH 1
    INCREMENT BY 1
    NO MINVALUE
    NO MAXVALUE
    CACHE 1
);


--
-- TOC entry 251 (class 1259 OID 16653)
-- Name: AdditionalInfo; Type: TABLE; Schema: um; Owner: postgres
--

CREATE TABLE um."AdditionalInfo" (
    "userId" bigint NOT NULL,
    "specialDate" timestamp without time zone,
    "SpecialDateCounter" smallint,
    "instagramLink" text,
    "telegramLink" text,
    "isSpecialDateChanged" boolean
);


ALTER TABLE um."AdditionalInfo" OWNER TO postgres;

--
-- TOC entry 3180 (class 0 OID 0)
-- Dependencies: 251
-- Name: TABLE "AdditionalInfo"; Type: COMMENT; Schema: um; Owner: postgres
--

COMMENT ON TABLE um."AdditionalInfo" IS 'User Additional Information';


--
-- TOC entry 252 (class 1259 OID 16666)
-- Name: AddressInfo; Type: TABLE; Schema: um; Owner: postgres
--

CREATE TABLE um."AddressInfo" (
    "userId" bigint NOT NULL,
    region character varying(50),
    city character varying(50),
    address character varying(500),
    latitude double precision,
    longitude double precision
);


ALTER TABLE um."AddressInfo" OWNER TO postgres;

--
-- TOC entry 3181 (class 0 OID 0)
-- Dependencies: 252
-- Name: TABLE "AddressInfo"; Type: COMMENT; Schema: um; Owner: postgres
--

COMMENT ON TABLE um."AddressInfo" IS 'User Address Info';


--
-- TOC entry 253 (class 1259 OID 16679)
-- Name: DeviceInfo; Type: TABLE; Schema: um; Owner: postgres
--

CREATE TABLE um."DeviceInfo" (
    "userId" bigint NOT NULL,
    os character varying(50),
    platform character varying(50),
    browser character varying(50),
    "lastActivity" timestamp without time zone,
    "ipAddress" character varying(50)
);


ALTER TABLE um."DeviceInfo" OWNER TO postgres;

--
-- TOC entry 3182 (class 0 OID 0)
-- Dependencies: 253
-- Name: TABLE "DeviceInfo"; Type: COMMENT; Schema: um; Owner: postgres
--

COMMENT ON TABLE um."DeviceInfo" IS 'User Device Info';


--
-- TOC entry 255 (class 1259 OID 16691)
-- Name: Group; Type: TABLE; Schema: um; Owner: postgres
--

CREATE TABLE um."Group" (
    id bigint NOT NULL,
    name character varying(100),
    title character varying(500),
    owner bigint NOT NULL,
    descriptions text,
    status smallint,
    picture text
);


ALTER TABLE um."Group" OWNER TO postgres;

--
-- TOC entry 3183 (class 0 OID 0)
-- Dependencies: 255
-- Name: TABLE "Group"; Type: COMMENT; Schema: um; Owner: postgres
--

COMMENT ON TABLE um."Group" IS 'table for users group';


--
-- TOC entry 254 (class 1259 OID 16689)
-- Name: Group_id_seq; Type: SEQUENCE; Schema: um; Owner: postgres
--

ALTER TABLE um."Group" ALTER COLUMN id ADD GENERATED ALWAYS AS IDENTITY (
    SEQUENCE NAME um."Group_id_seq"
    START WITH 1
    INCREMENT BY 1
    NO MINVALUE
    NO MAXVALUE
    CACHE 1
);


--
-- TOC entry 234 (class 1259 OID 16549)
-- Name: Permissions; Type: TABLE; Schema: um; Owner: postgres
--

CREATE TABLE um."Permissions" (
    id bigint NOT NULL,
    name character varying(100),
    title character varying(100),
    level smallint,
    parent bigint
);


ALTER TABLE um."Permissions" OWNER TO postgres;

--
-- TOC entry 3184 (class 0 OID 0)
-- Dependencies: 234
-- Name: TABLE "Permissions"; Type: COMMENT; Schema: um; Owner: postgres
--

COMMENT ON TABLE um."Permissions" IS 'Site Permissions';


--
-- TOC entry 233 (class 1259 OID 16547)
-- Name: Permissions_id_seq; Type: SEQUENCE; Schema: um; Owner: postgres
--

ALTER TABLE um."Permissions" ALTER COLUMN id ADD GENERATED ALWAYS AS IDENTITY (
    SEQUENCE NAME um."Permissions_id_seq"
    START WITH 1
    INCREMENT BY 1
    NO MINVALUE
    NO MAXVALUE
    CACHE 1
);


--
-- TOC entry 256 (class 1259 OID 16704)
-- Name: PersonalInfo; Type: TABLE; Schema: um; Owner: postgres
--

CREATE TABLE um."PersonalInfo" (
    "userId" bigint NOT NULL,
    "firstName" character varying(50),
    "lastName" character varying(100),
    "nickName" character varying(100),
    birthday timestamp without time zone,
    gender smallint,
    "birthdayChangeCounter" smallint,
    "nationalCode" character varying(10),
    "isBirthdayChanged" boolean
);


ALTER TABLE um."PersonalInfo" OWNER TO postgres;

--
-- TOC entry 3185 (class 0 OID 0)
-- Dependencies: 256
-- Name: TABLE "PersonalInfo"; Type: COMMENT; Schema: um; Owner: postgres
--

COMMENT ON TABLE um."PersonalInfo" IS 'User Personal Information';


--
-- TOC entry 257 (class 1259 OID 16714)
-- Name: RolePermissions; Type: TABLE; Schema: um; Owner: postgres
--

CREATE TABLE um."RolePermissions" (
    "roleId" bigint NOT NULL,
    "permissionId" bigint NOT NULL
);


ALTER TABLE um."RolePermissions" OWNER TO postgres;

--
-- TOC entry 3186 (class 0 OID 0)
-- Dependencies: 257
-- Name: TABLE "RolePermissions"; Type: COMMENT; Schema: um; Owner: postgres
--

COMMENT ON TABLE um."RolePermissions" IS 'Role Permissions';


--
-- TOC entry 236 (class 1259 OID 16556)
-- Name: Roles; Type: TABLE; Schema: um; Owner: postgres
--

CREATE TABLE um."Roles" (
    id bigint NOT NULL,
    name character varying(500),
    title character varying(500),
    "canEdit" boolean,
    "canDelete" boolean
);


ALTER TABLE um."Roles" OWNER TO postgres;

--
-- TOC entry 3187 (class 0 OID 0)
-- Dependencies: 236
-- Name: TABLE "Roles"; Type: COMMENT; Schema: um; Owner: postgres
--

COMMENT ON TABLE um."Roles" IS 'Site Roles';


--
-- TOC entry 235 (class 1259 OID 16554)
-- Name: Roles_id_seq; Type: SEQUENCE; Schema: um; Owner: postgres
--

ALTER TABLE um."Roles" ALTER COLUMN id ADD GENERATED ALWAYS AS IDENTITY (
    SEQUENCE NAME um."Roles_id_seq"
    START WITH 1
    INCREMENT BY 1
    NO MINVALUE
    NO MAXVALUE
    CACHE 1
);


--
-- TOC entry 238 (class 1259 OID 16566)
-- Name: Ticket; Type: TABLE; Schema: um; Owner: postgres
--

CREATE TABLE um."Ticket" (
    id bigint NOT NULL,
    "createDate" timestamp without time zone NOT NULL,
    "userId" bigint NOT NULL,
    responder bigint,
    status smallint NOT NULL,
    header character varying(500)
);


ALTER TABLE um."Ticket" OWNER TO postgres;

--
-- TOC entry 3188 (class 0 OID 0)
-- Dependencies: 238
-- Name: TABLE "Ticket"; Type: COMMENT; Schema: um; Owner: postgres
--

COMMENT ON TABLE um."Ticket" IS 'لیست تیکت های ساخته شده';


--
-- TOC entry 240 (class 1259 OID 16576)
-- Name: TicketDetail; Type: TABLE; Schema: um; Owner: postgres
--

CREATE TABLE um."TicketDetail" (
    id bigint NOT NULL,
    "senderId" bigint NOT NULL,
    "ticketId" bigint NOT NULL,
    body text NOT NULL,
    "sendDate" timestamp without time zone NOT NULL,
    status smallint NOT NULL
);


ALTER TABLE um."TicketDetail" OWNER TO postgres;

--
-- TOC entry 3189 (class 0 OID 0)
-- Dependencies: 240
-- Name: TABLE "TicketDetail"; Type: COMMENT; Schema: um; Owner: postgres
--

COMMENT ON TABLE um."TicketDetail" IS 'پیام های ارسال شده در تیکت';


--
-- TOC entry 239 (class 1259 OID 16574)
-- Name: TicketDetail_id_seq; Type: SEQUENCE; Schema: um; Owner: postgres
--

ALTER TABLE um."TicketDetail" ALTER COLUMN id ADD GENERATED ALWAYS AS IDENTITY (
    SEQUENCE NAME um."TicketDetail_id_seq"
    START WITH 1
    INCREMENT BY 1
    NO MINVALUE
    NO MAXVALUE
    CACHE 1
);


--
-- TOC entry 237 (class 1259 OID 16564)
-- Name: Ticket_id_seq; Type: SEQUENCE; Schema: um; Owner: postgres
--

ALTER TABLE um."Ticket" ALTER COLUMN id ADD GENERATED ALWAYS AS IDENTITY (
    SEQUENCE NAME um."Ticket_id_seq"
    START WITH 1
    INCREMENT BY 1
    NO MINVALUE
    NO MAXVALUE
    CACHE 1
);


--
-- TOC entry 259 (class 1259 OID 16744)
-- Name: UserGroups; Type: TABLE; Schema: um; Owner: postgres
--

CREATE TABLE um."UserGroups" (
    "userId" bigint NOT NULL,
    "groupId" bigint NOT NULL,
    "CreateDate" timestamp without time zone NOT NULL
);


ALTER TABLE um."UserGroups" OWNER TO postgres;

--
-- TOC entry 3190 (class 0 OID 0)
-- Dependencies: 259
-- Name: TABLE "UserGroups"; Type: COMMENT; Schema: um; Owner: postgres
--

COMMENT ON TABLE um."UserGroups" IS 'Assigned groups to user';


--
-- TOC entry 258 (class 1259 OID 16729)
-- Name: UserRoles; Type: TABLE; Schema: um; Owner: postgres
--

CREATE TABLE um."UserRoles" (
    "userId" bigint NOT NULL,
    "roleId" bigint NOT NULL
);


ALTER TABLE um."UserRoles" OWNER TO postgres;

--
-- TOC entry 3191 (class 0 OID 0)
-- Dependencies: 258
-- Name: TABLE "UserRoles"; Type: COMMENT; Schema: um; Owner: postgres
--

COMMENT ON TABLE um."UserRoles" IS 'User Roles';


--
-- TOC entry 241 (class 1259 OID 16584)
-- Name: vwContact; Type: TABLE; Schema: um; Owner: postgres
--

CREATE TABLE um."vwContact" (
    id bigint,
    username character varying(100) NOT NULL,
    email character varying(500) NOT NULL,
    "mobilePhone" character varying(15) NOT NULL,
    "specialDate" timestamp without time zone NOT NULL,
    "instagramLink" text,
    "telegramLink" text,
    "firstName" character varying(50),
    "lastName" character varying(100),
    "nickName" character varying(100),
    birthday timestamp without time zone,
    gender smallint,
    latitude double precision,
    longitude double precision,
    address character varying(500),
    discount smallint,
    credit numeric(20,2),
    "formGuid" text,
    "isFormValid" integer,
    picture character varying(1000)
);


ALTER TABLE um."vwContact" OWNER TO postgres;

--
-- TOC entry 242 (class 1259 OID 16590)
-- Name: vwContactGroups; Type: TABLE; Schema: um; Owner: postgres
--

CREATE TABLE um."vwContactGroups" (
    id bigint,
    username character varying(100),
    email character varying(500),
    "mobilePhone" character varying(15),
    "specialDate" timestamp without time zone,
    "instagramLink" text,
    "telegramLink" text,
    "firstName" character varying(50),
    "lastName" character varying(100),
    "nickName" character varying(100),
    birthday timestamp without time zone,
    gender smallint,
    latitude double precision,
    longitude double precision,
    address character varying(500),
    name character varying(100),
    title character varying(500),
    descriptions text,
    owner bigint,
    status smallint,
    "groupId" bigint,
    "formGuid" text,
    "isFormValid" integer
);


ALTER TABLE um."vwContactGroups" OWNER TO postgres;

--
-- TOC entry 243 (class 1259 OID 16596)
-- Name: vwTicket; Type: TABLE; Schema: um; Owner: postgres
--

CREATE TABLE um."vwTicket" (
    id bigint,
    responder bigint,
    "userId" bigint,
    "createDate" timestamp without time zone,
    status smallint,
    "responderUsername" character varying(100),
    "responderEmail" character varying(500),
    "responderMobilePhone" character varying(15),
    "responderFirstName" character varying(50),
    "responderLastName" character varying(100),
    "responderGender" smallint,
    "responderPicture" character varying(1000),
    "ownerUsername" character varying(100),
    "ownerEmail" character varying(500),
    "ownerMobilePhone" character varying(15),
    "ownerFirstName" character varying(50),
    "ownerLastName" character varying(100),
    "ownerGender" smallint,
    "ownerPicture" character varying(1000),
    header character varying(500)
);


ALTER TABLE um."vwTicket" OWNER TO postgres;

--
-- TOC entry 3192 (class 0 OID 0)
-- Dependencies: 243
-- Name: TABLE "vwTicket"; Type: COMMENT; Schema: um; Owner: postgres
--

COMMENT ON TABLE um."vwTicket" IS 'اطلاعات کامل تیکت';


--
-- TOC entry 244 (class 1259 OID 16602)
-- Name: vwTicketDetail; Type: TABLE; Schema: um; Owner: postgres
--

CREATE TABLE um."vwTicketDetail" (
    id bigint,
    "senderId" bigint,
    "ticketId" bigint,
    body text,
    "sendDate" timestamp without time zone,
    status smallint,
    "senderUsername" character varying(100),
    "senderEmail" character varying(500),
    "senderMobilePhone" character varying(15),
    "senderFirstName" character varying(50),
    "senderLastName" character varying(100),
    "senderGender" smallint,
    "userId" bigint,
    "ticketStatus" smallint,
    "ownerUsername" character varying(100),
    "ownerEmail" character varying(500),
    "ownerMobilePhone" character varying(15),
    "ownerFirstName" character varying(50),
    "ownerLastName" character varying(100),
    "ownerGender" smallint,
    "ownerPicture" character varying(1000),
    header character varying(500),
    "senderPicture" character varying(1000)
);


ALTER TABLE um."vwTicketDetail" OWNER TO postgres;

--
-- TOC entry 3193 (class 0 OID 0)
-- Dependencies: 244
-- Name: TABLE "vwTicketDetail"; Type: COMMENT; Schema: um; Owner: postgres
--

COMMENT ON TABLE um."vwTicketDetail" IS 'اطلاعات کامل پیام تیکت';


--
-- TOC entry 245 (class 1259 OID 16608)
-- Name: vwTicketLastMessage; Type: TABLE; Schema: um; Owner: postgres
--

CREATE TABLE um."vwTicketLastMessage" (
    id bigint,
    "senderId" bigint,
    "ticketId" bigint,
    body text,
    "sendDate" timestamp without time zone,
    "messageStatus" smallint,
    "createDate" timestamp without time zone,
    "userId" bigint,
    responder bigint,
    status smallint,
    header character varying(500),
    "ownerUsername" character varying(100),
    "ownerEmail" character varying(500),
    "ownerMobilePhone" character varying(15),
    "ownerFirstName" character varying(50),
    "ownerLastName" character varying(100),
    "ownerGender" smallint,
    "ownerPicture" character varying(1000),
    "responderUsername" character varying(100),
    "responderEmail" character varying(500),
    "responderMobilePhone" character varying(15),
    "responderFirstName" character varying(50),
    "responderLastName" character varying(100),
    "responderGender" smallint,
    "responderPicture" character varying(1000),
    unread bigint
);


ALTER TABLE um."vwTicketLastMessage" OWNER TO postgres;

--
-- TOC entry 3106 (class 0 OID 16403)
-- Dependencies: 206
-- Data for Name: CalendarEvents99; Type: TABLE DATA; Schema: public; Owner: postgres
--

COPY public."CalendarEvents99" ("Id", "DateDay", "MonthId", "DayName", "MonthName", "Description", "IsClose") FROM stdin;
\.


--
-- TOC entry 3104 (class 0 OID 16394)
-- Dependencies: 204
-- Data for Name: __EFMigrationsHistory; Type: TABLE DATA; Schema: public; Owner: postgres
--

COPY public."__EFMigrationsHistory" ("MigrationId", "ProductVersion") FROM stdin;
20200507093809_nitialreate	3.0.0
\.


--
-- TOC entry 3108 (class 0 OID 16413)
-- Dependencies: 208
-- Data for Name: BusinessCard; Type: TABLE DATA; Schema: sms; Owner: postgres
--

COPY sms."BusinessCard" (id, "userId", "createDate", "groupId", "isBlocked", status, "templateId", "numberId", key) FROM stdin;
\.


--
-- TOC entry 3146 (class 0 OID 16614)
-- Dependencies: 246
-- Data for Name: CreditInfo; Type: TABLE DATA; Schema: sms; Owner: postgres
--

COPY sms."CreditInfo" ("userId", discount, credit) FROM stdin;
\.


--
-- TOC entry 3148 (class 0 OID 16628)
-- Dependencies: 248
-- Data for Name: NumberInfo; Type: TABLE DATA; Schema: sms; Owner: postgres
--

COPY sms."NumberInfo" (id, number, "isShared", "isBlocked", owner, type, username, password, "createDate", "lastReceivedId") FROM stdin;
\.


--
-- TOC entry 3110 (class 0 OID 16423)
-- Dependencies: 210
-- Data for Name: PanelInfo; Type: TABLE DATA; Schema: sms; Owner: postgres
--

COPY sms."PanelInfo" (id, "userId", "createDate", "lastActivity", version, number, serial, "hashId", name, "groupId", "isBlocked", status, "templateId", "numberId", "hasForm") FROM stdin;
\.


--
-- TOC entry 3112 (class 0 OID 16433)
-- Dependencies: 212
-- Data for Name: PanelVersionInfo; Type: TABLE DATA; Schema: sms; Owner: postgres
--

COPY sms."PanelVersionInfo" (id, "createDate", "nickName", path, "minVersion", "maxVersion") FROM stdin;
\.


--
-- TOC entry 3150 (class 0 OID 16640)
-- Dependencies: 250
-- Data for Name: PersonalTemplate; Type: TABLE DATA; Schema: sms; Owner: postgres
--

COPY sms."PersonalTemplate" (id, "userId", name, body) FROM stdin;
\.


--
-- TOC entry 3114 (class 0 OID 16443)
-- Dependencies: 214
-- Data for Name: ReceiveInfo; Type: TABLE DATA; Schema: sms; Owner: postgres
--

COPY sms."ReceiveInfo" (id, sender, receiver, date, "msgId", body, count) FROM stdin;
\.


--
-- TOC entry 3116 (class 0 OID 16453)
-- Dependencies: 216
-- Data for Name: ScheduleSmsDetail; Type: TABLE DATA; Schema: sms; Owner: postgres
--

COPY sms."ScheduleSmsDetail" (id, "parentId", "userId", date, "updatedDate", counter) FROM stdin;
\.


--
-- TOC entry 3118 (class 0 OID 16460)
-- Dependencies: 218
-- Data for Name: ScheduleSmsInfo; Type: TABLE DATA; Schema: sms; Owner: postgres
--

COPY sms."ScheduleSmsInfo" (id, name, code, "userId", "addedYear", "addedMonth", "addedDay", status, "createDate", "templateId", "numberId") FROM stdin;
\.


--
-- TOC entry 3120 (class 0 OID 16470)
-- Dependencies: 220
-- Data for Name: SentInfo; Type: TABLE DATA; Schema: sms; Owner: postgres
--

COPY sms."SentInfo" (id, numbers, "groupIds", kind, status, deliveries, "sendNumber", "userId", header, body, "sentDate", "rectIds", count, "calculatedCount", price) FROM stdin;
\.


--
-- TOC entry 3122 (class 0 OID 16482)
-- Dependencies: 222
-- Data for Name: Settings; Type: TABLE DATA; Schema: sms; Owner: postgres
--

COPY sms."Settings" (id, "lastRecivedSmsId", "smsPrice", "smsDiscount", "formKey", "formMessage") FROM stdin;
\.


--
-- TOC entry 3124 (class 0 OID 16493)
-- Dependencies: 224
-- Data for Name: TaskInfo; Type: TABLE DATA; Schema: sms; Owner: postgres
--

COPY sms."TaskInfo" (id, "userId", percent, message, status, header, guid) FROM stdin;
\.


--
-- TOC entry 3125 (class 0 OID 16501)
-- Dependencies: 225
-- Data for Name: vwBusinessCard; Type: TABLE DATA; Schema: sms; Owner: postgres
--

COPY sms."vwBusinessCard" (id, "createDate", "isBlocked", status, "userId", username, email, "mobilePhone", "firstName", "lastName", "nickName", birthday, gender, discount, credit, "groupId", "groupName", "groupTitle", "groupStatus", "groupPicture", "templateId", "templateName", "templateBody", "numberId", "numberSend", "numberIsShared", "numberIsBlocked", "numberOwner", "numberType", "numberUsername", "numberPassword", key, "formGuid", "isFormValid") FROM stdin;
\.


--
-- TOC entry 3126 (class 0 OID 16507)
-- Dependencies: 226
-- Data for Name: vwNumber; Type: TABLE DATA; Schema: sms; Owner: postgres
--

COPY sms."vwNumber" (id, number, "isShared", "isBlocked", owner, type, username, password, "createDate", "ownerUsername", email, "mobilePhone", "firstName", "lastName", gender, address, "formGuid", "isFormValid") FROM stdin;
\.


--
-- TOC entry 3127 (class 0 OID 16513)
-- Dependencies: 227
-- Data for Name: vwPanel; Type: TABLE DATA; Schema: sms; Owner: postgres
--

COPY sms."vwPanel" (id, "createDate", "lastActivity", version, number, serial, name, "userId", username, email, "mobilePhone", "firstName", "lastName", gender, birthday, longitude, latitude, "groupName", "groupTitle", "groupDescription", "groupId", "groupPicture", "hashId", "isBlocked", status, "templateId", "templateName", "templateBody", "numberId", "sendNumber", "sendIsShared", "sendIsBlocked", "sendType", "sendUsername", "sendPassword", "formGuid", "isFormValid") FROM stdin;
\.


--
-- TOC entry 3128 (class 0 OID 16519)
-- Dependencies: 228
-- Data for Name: vwScheduleSms; Type: TABLE DATA; Schema: sms; Owner: postgres
--

COPY sms."vwScheduleSms" (id, "parentId", "userId", date, "updatedDate", counter, "parentName", "parentCode", "addedYear", "addedMonth", "addedDay", "ownerUsername", "ownerEmail", "ownerMobilePhone", "ownerFirstName", "ownerLastName", "ownerGender", username, email, "mobilePhone", "firstName", "lastName", "nickName", birthday, "specialDate", gender, discount, credit, "ownerId", "templateId", "numberId", "sendNumber", "sendIsShared", "sendIsBlocked", "sendType", "sendUsername", "sendPassword") FROM stdin;
\.


--
-- TOC entry 3129 (class 0 OID 16525)
-- Dependencies: 229
-- Data for Name: vwScheduleSmsInfo; Type: TABLE DATA; Schema: sms; Owner: postgres
--

COPY sms."vwScheduleSmsInfo" ("Name", "Code", "addedYear", "addedMonth", "addedDay", "ownerUsername", "ownerEmail", "ownerMobilePhone", "ownerFirstName", "ownerLastName", discount, credit, id, "userId", "ownerGender", status, "templateId", "templateName", "templateBody", "numberId", "sendNumber", "sendIsShared", "sendIsBlocked", "sendType", "sendUsername", "sendPassword") FROM stdin;
\.


--
-- TOC entry 3130 (class 0 OID 16531)
-- Dependencies: 230
-- Data for Name: vwTask; Type: TABLE DATA; Schema: sms; Owner: postgres
--

COPY sms."vwTask" (id, "userId", percent, message, status, header, username, email, "mobilePhone", "firstName", "lastName", gender, birthday, longitude, latitude) FROM stdin;
\.


--
-- TOC entry 3132 (class 0 OID 16539)
-- Dependencies: 232
-- Data for Name: AccountInfo; Type: TABLE DATA; Schema: um; Owner: postgres
--

COPY um."AccountInfo" (id, username, password, email, "mobilePhone", "homePhone", "businessPhone", "createDate", "lastLogin", picture, "formGuid", "formDate") FROM stdin;
2	saleh	202cb962ac59075b964b07152d234b70	saleh@gmail.com	0915-388-3789	051-4261-0352	051-4261-0352	2020-05-07 11:05:47.867644	2020-05-07 11:22:43.343944	assets/img/portrait/avatars/avatar-08.png	5663	2020-05-07 10:33:52.3605
1	Admin	a9549f62f97a0a04bdeebbb888de9612	salehebrahimian@gmail.com	0915-480-7673	051-4261-0352	051-4261-0352	2020-05-07 09:41:52.227243	2020-05-07 12:44:11.038034	assets/img/portrait/avatars/avatar-08.png	1234	2020-05-07 10:33:52.3605
\.


--
-- TOC entry 3151 (class 0 OID 16653)
-- Dependencies: 251
-- Data for Name: AdditionalInfo; Type: TABLE DATA; Schema: um; Owner: postgres
--

COPY um."AdditionalInfo" ("userId", "specialDate", "SpecialDateCounter", "instagramLink", "telegramLink", "isSpecialDateChanged") FROM stdin;
2	2020-05-06 19:30:00	0	https://www.instagram.com/saleh_prg	https://t.me/saleh_prg	f
1	2020-05-06 19:30:00	0			f
\.


--
-- TOC entry 3152 (class 0 OID 16666)
-- Dependencies: 252
-- Data for Name: AddressInfo; Type: TABLE DATA; Schema: um; Owner: postgres
--

COPY um."AddressInfo" ("userId", region, city, address, latitude, longitude) FROM stdin;
2		مشهد	ناحیه ۳ منطقه ۴ - رده - خداشناس ۱۲	36.31909943927781	59.671691892435774
1	"	Mashhad	asfsafasf	-37	56
\.


--
-- TOC entry 3153 (class 0 OID 16679)
-- Dependencies: 253
-- Data for Name: DeviceInfo; Type: TABLE DATA; Schema: um; Owner: postgres
--

COPY um."DeviceInfo" ("userId", os, platform, browser, "lastActivity", "ipAddress") FROM stdin;
\.


--
-- TOC entry 3155 (class 0 OID 16691)
-- Dependencies: 255
-- Data for Name: Group; Type: TABLE DATA; Schema: um; Owner: postgres
--

COPY um."Group" (id, name, title, owner, descriptions, status, picture) FROM stdin;
1	test	test	1	sdfsdfsd	\N	\N
\.


--
-- TOC entry 3134 (class 0 OID 16549)
-- Dependencies: 234
-- Data for Name: Permissions; Type: TABLE DATA; Schema: um; Owner: postgres
--

COPY um."Permissions" (id, name, title, level, parent) FROM stdin;
1	Read	خواندن	\N	\N
2	Write	نوشتن	\N	\N
3	Delete	حذف	\N	\N
4	Login	ورود	\N	\N
\.


--
-- TOC entry 3156 (class 0 OID 16704)
-- Dependencies: 256
-- Data for Name: PersonalInfo; Type: TABLE DATA; Schema: um; Owner: postgres
--

COPY um."PersonalInfo" ("userId", "firstName", "lastName", "nickName", birthday, gender, "birthdayChangeCounter", "nationalCode", "isBirthdayChanged") FROM stdin;
1	صالح	ابراهیمیان	saleh	2000-11-04 20:30:00	1	0	1050934563	f
2	صالح	ابراهیمیان	صالح	2000-11-04 20:30:00	1	0	1050934563	f
\.


--
-- TOC entry 3157 (class 0 OID 16714)
-- Dependencies: 257
-- Data for Name: RolePermissions; Type: TABLE DATA; Schema: um; Owner: postgres
--

COPY um."RolePermissions" ("roleId", "permissionId") FROM stdin;
1	1
1	2
1	3
1	4
2	1
2	4
3	1
3	4
\.


--
-- TOC entry 3136 (class 0 OID 16556)
-- Dependencies: 236
-- Data for Name: Roles; Type: TABLE DATA; Schema: um; Owner: postgres
--

COPY um."Roles" (id, name, title, "canEdit", "canDelete") FROM stdin;
1	UserManagement	مدیریت کاربران	t	t
2	PanelUser	کاربر دستگاه	t	t
3	NormalUser	کاربر معمولی	t	t
\.


--
-- TOC entry 3138 (class 0 OID 16566)
-- Dependencies: 238
-- Data for Name: Ticket; Type: TABLE DATA; Schema: um; Owner: postgres
--

COPY um."Ticket" (id, "createDate", "userId", responder, status, header) FROM stdin;
1	2020-05-07 12:33:52.3605	1	1	0	test
\.


--
-- TOC entry 3140 (class 0 OID 16576)
-- Dependencies: 240
-- Data for Name: TicketDetail; Type: TABLE DATA; Schema: um; Owner: postgres
--

COPY um."TicketDetail" (id, "senderId", "ticketId", body, "sendDate", status) FROM stdin;
\.


--
-- TOC entry 3159 (class 0 OID 16744)
-- Dependencies: 259
-- Data for Name: UserGroups; Type: TABLE DATA; Schema: um; Owner: postgres
--

COPY um."UserGroups" ("userId", "groupId", "CreateDate") FROM stdin;
1	1	2020-05-07 12:33:52.3605
\.


--
-- TOC entry 3158 (class 0 OID 16729)
-- Dependencies: 258
-- Data for Name: UserRoles; Type: TABLE DATA; Schema: um; Owner: postgres
--

COPY um."UserRoles" ("userId", "roleId") FROM stdin;
1	1
\.


--
-- TOC entry 3141 (class 0 OID 16584)
-- Dependencies: 241
-- Data for Name: vwContact; Type: TABLE DATA; Schema: um; Owner: postgres
--

COPY um."vwContact" (id, username, email, "mobilePhone", "specialDate", "instagramLink", "telegramLink", "firstName", "lastName", "nickName", birthday, gender, latitude, longitude, address, discount, credit, "formGuid", "isFormValid", picture) FROM stdin;
\.


--
-- TOC entry 3142 (class 0 OID 16590)
-- Dependencies: 242
-- Data for Name: vwContactGroups; Type: TABLE DATA; Schema: um; Owner: postgres
--

COPY um."vwContactGroups" (id, username, email, "mobilePhone", "specialDate", "instagramLink", "telegramLink", "firstName", "lastName", "nickName", birthday, gender, latitude, longitude, address, name, title, descriptions, owner, status, "groupId", "formGuid", "isFormValid") FROM stdin;
\.


--
-- TOC entry 3143 (class 0 OID 16596)
-- Dependencies: 243
-- Data for Name: vwTicket; Type: TABLE DATA; Schema: um; Owner: postgres
--

COPY um."vwTicket" (id, responder, "userId", "createDate", status, "responderUsername", "responderEmail", "responderMobilePhone", "responderFirstName", "responderLastName", "responderGender", "responderPicture", "ownerUsername", "ownerEmail", "ownerMobilePhone", "ownerFirstName", "ownerLastName", "ownerGender", "ownerPicture", header) FROM stdin;
\.


--
-- TOC entry 3144 (class 0 OID 16602)
-- Dependencies: 244
-- Data for Name: vwTicketDetail; Type: TABLE DATA; Schema: um; Owner: postgres
--

COPY um."vwTicketDetail" (id, "senderId", "ticketId", body, "sendDate", status, "senderUsername", "senderEmail", "senderMobilePhone", "senderFirstName", "senderLastName", "senderGender", "userId", "ticketStatus", "ownerUsername", "ownerEmail", "ownerMobilePhone", "ownerFirstName", "ownerLastName", "ownerGender", "ownerPicture", header, "senderPicture") FROM stdin;
\.


--
-- TOC entry 3145 (class 0 OID 16608)
-- Dependencies: 245
-- Data for Name: vwTicketLastMessage; Type: TABLE DATA; Schema: um; Owner: postgres
--

COPY um."vwTicketLastMessage" (id, "senderId", "ticketId", body, "sendDate", "messageStatus", "createDate", "userId", responder, status, header, "ownerUsername", "ownerEmail", "ownerMobilePhone", "ownerFirstName", "ownerLastName", "ownerGender", "ownerPicture", "responderUsername", "responderEmail", "responderMobilePhone", "responderFirstName", "responderLastName", "responderGender", "responderPicture", unread) FROM stdin;
\.


--
-- TOC entry 3194 (class 0 OID 0)
-- Dependencies: 205
-- Name: CalendarEvents99_Id_seq; Type: SEQUENCE SET; Schema: public; Owner: postgres
--

SELECT pg_catalog.setval('public."CalendarEvents99_Id_seq"', 1, false);


--
-- TOC entry 3195 (class 0 OID 0)
-- Dependencies: 207
-- Name: BusinessCard_id_seq; Type: SEQUENCE SET; Schema: sms; Owner: postgres
--

SELECT pg_catalog.setval('sms."BusinessCard_id_seq"', 1, false);


--
-- TOC entry 3196 (class 0 OID 0)
-- Dependencies: 247
-- Name: NumberInfo_id_seq; Type: SEQUENCE SET; Schema: sms; Owner: postgres
--

SELECT pg_catalog.setval('sms."NumberInfo_id_seq"', 1, false);


--
-- TOC entry 3197 (class 0 OID 0)
-- Dependencies: 209
-- Name: PanelInfo_id_seq; Type: SEQUENCE SET; Schema: sms; Owner: postgres
--

SELECT pg_catalog.setval('sms."PanelInfo_id_seq"', 1, false);


--
-- TOC entry 3198 (class 0 OID 0)
-- Dependencies: 211
-- Name: PanelVersionInfo_id_seq; Type: SEQUENCE SET; Schema: sms; Owner: postgres
--

SELECT pg_catalog.setval('sms."PanelVersionInfo_id_seq"', 1, false);


--
-- TOC entry 3199 (class 0 OID 0)
-- Dependencies: 249
-- Name: PersonalTemplate_id_seq; Type: SEQUENCE SET; Schema: sms; Owner: postgres
--

SELECT pg_catalog.setval('sms."PersonalTemplate_id_seq"', 1, false);


--
-- TOC entry 3200 (class 0 OID 0)
-- Dependencies: 213
-- Name: ReceiveInfo_id_seq; Type: SEQUENCE SET; Schema: sms; Owner: postgres
--

SELECT pg_catalog.setval('sms."ReceiveInfo_id_seq"', 1, false);


--
-- TOC entry 3201 (class 0 OID 0)
-- Dependencies: 215
-- Name: ScheduleSmsDetail_id_seq; Type: SEQUENCE SET; Schema: sms; Owner: postgres
--

SELECT pg_catalog.setval('sms."ScheduleSmsDetail_id_seq"', 1, false);


--
-- TOC entry 3202 (class 0 OID 0)
-- Dependencies: 217
-- Name: ScheduleSmsInfo_id_seq; Type: SEQUENCE SET; Schema: sms; Owner: postgres
--

SELECT pg_catalog.setval('sms."ScheduleSmsInfo_id_seq"', 1, false);


--
-- TOC entry 3203 (class 0 OID 0)
-- Dependencies: 219
-- Name: SentInfo_id_seq; Type: SEQUENCE SET; Schema: sms; Owner: postgres
--

SELECT pg_catalog.setval('sms."SentInfo_id_seq"', 1, false);


--
-- TOC entry 3204 (class 0 OID 0)
-- Dependencies: 221
-- Name: Settings_id_seq; Type: SEQUENCE SET; Schema: sms; Owner: postgres
--

SELECT pg_catalog.setval('sms."Settings_id_seq"', 1, false);


--
-- TOC entry 3205 (class 0 OID 0)
-- Dependencies: 223
-- Name: TaskInfo_id_seq; Type: SEQUENCE SET; Schema: sms; Owner: postgres
--

SELECT pg_catalog.setval('sms."TaskInfo_id_seq"', 1, false);


--
-- TOC entry 3206 (class 0 OID 0)
-- Dependencies: 231
-- Name: AccountInfo_id_seq; Type: SEQUENCE SET; Schema: um; Owner: postgres
--

SELECT pg_catalog.setval('um."AccountInfo_id_seq"', 2, true);


--
-- TOC entry 3207 (class 0 OID 0)
-- Dependencies: 254
-- Name: Group_id_seq; Type: SEQUENCE SET; Schema: um; Owner: postgres
--

SELECT pg_catalog.setval('um."Group_id_seq"', 1, true);


--
-- TOC entry 3208 (class 0 OID 0)
-- Dependencies: 233
-- Name: Permissions_id_seq; Type: SEQUENCE SET; Schema: um; Owner: postgres
--

SELECT pg_catalog.setval('um."Permissions_id_seq"', 4, true);


--
-- TOC entry 3209 (class 0 OID 0)
-- Dependencies: 235
-- Name: Roles_id_seq; Type: SEQUENCE SET; Schema: um; Owner: postgres
--

SELECT pg_catalog.setval('um."Roles_id_seq"', 3, true);


--
-- TOC entry 3210 (class 0 OID 0)
-- Dependencies: 239
-- Name: TicketDetail_id_seq; Type: SEQUENCE SET; Schema: um; Owner: postgres
--

SELECT pg_catalog.setval('um."TicketDetail_id_seq"', 1, false);


--
-- TOC entry 3211 (class 0 OID 0)
-- Dependencies: 237
-- Name: Ticket_id_seq; Type: SEQUENCE SET; Schema: um; Owner: postgres
--

SELECT pg_catalog.setval('um."Ticket_id_seq"', 1, true);


--
-- TOC entry 2907 (class 2606 OID 16410)
-- Name: CalendarEvents99 PK_CalendarEvents99; Type: CONSTRAINT; Schema: public; Owner: postgres
--

ALTER TABLE ONLY public."CalendarEvents99"
    ADD CONSTRAINT "PK_CalendarEvents99" PRIMARY KEY ("Id");


--
-- TOC entry 2905 (class 2606 OID 16398)
-- Name: __EFMigrationsHistory PK___EFMigrationsHistory; Type: CONSTRAINT; Schema: public; Owner: postgres
--

ALTER TABLE ONLY public."__EFMigrationsHistory"
    ADD CONSTRAINT "PK___EFMigrationsHistory" PRIMARY KEY ("MigrationId");


--
-- TOC entry 2937 (class 2606 OID 16620)
-- Name: CreditInfo CreditInfo_pkey; Type: CONSTRAINT; Schema: sms; Owner: postgres
--

ALTER TABLE ONLY sms."CreditInfo"
    ADD CONSTRAINT "CreditInfo_pkey" PRIMARY KEY ("userId");


--
-- TOC entry 2909 (class 2606 OID 16420)
-- Name: BusinessCard PK_BusinessCard; Type: CONSTRAINT; Schema: sms; Owner: postgres
--

ALTER TABLE ONLY sms."BusinessCard"
    ADD CONSTRAINT "PK_BusinessCard" PRIMARY KEY (id);


--
-- TOC entry 2940 (class 2606 OID 16632)
-- Name: NumberInfo PK_NumberInfo; Type: CONSTRAINT; Schema: sms; Owner: postgres
--

ALTER TABLE ONLY sms."NumberInfo"
    ADD CONSTRAINT "PK_NumberInfo" PRIMARY KEY (id);


--
-- TOC entry 2911 (class 2606 OID 16430)
-- Name: PanelInfo PK_PanelInfo; Type: CONSTRAINT; Schema: sms; Owner: postgres
--

ALTER TABLE ONLY sms."PanelInfo"
    ADD CONSTRAINT "PK_PanelInfo" PRIMARY KEY (id);


--
-- TOC entry 2913 (class 2606 OID 16440)
-- Name: PanelVersionInfo PK_PanelVersionInfo; Type: CONSTRAINT; Schema: sms; Owner: postgres
--

ALTER TABLE ONLY sms."PanelVersionInfo"
    ADD CONSTRAINT "PK_PanelVersionInfo" PRIMARY KEY (id);


--
-- TOC entry 2943 (class 2606 OID 16647)
-- Name: PersonalTemplate PK_PersonalTemplate; Type: CONSTRAINT; Schema: sms; Owner: postgres
--

ALTER TABLE ONLY sms."PersonalTemplate"
    ADD CONSTRAINT "PK_PersonalTemplate" PRIMARY KEY (id);


--
-- TOC entry 2915 (class 2606 OID 16450)
-- Name: ReceiveInfo PK_ReceiveInfo; Type: CONSTRAINT; Schema: sms; Owner: postgres
--

ALTER TABLE ONLY sms."ReceiveInfo"
    ADD CONSTRAINT "PK_ReceiveInfo" PRIMARY KEY (id);


--
-- TOC entry 2917 (class 2606 OID 16457)
-- Name: ScheduleSmsDetail PK_ScheduleSmsDetail; Type: CONSTRAINT; Schema: sms; Owner: postgres
--

ALTER TABLE ONLY sms."ScheduleSmsDetail"
    ADD CONSTRAINT "PK_ScheduleSmsDetail" PRIMARY KEY (id);


--
-- TOC entry 2919 (class 2606 OID 16467)
-- Name: ScheduleSmsInfo PK_ScheduleSmsInfo; Type: CONSTRAINT; Schema: sms; Owner: postgres
--

ALTER TABLE ONLY sms."ScheduleSmsInfo"
    ADD CONSTRAINT "PK_ScheduleSmsInfo" PRIMARY KEY (id);


--
-- TOC entry 2921 (class 2606 OID 16479)
-- Name: SentInfo PK_SentInfo; Type: CONSTRAINT; Schema: sms; Owner: postgres
--

ALTER TABLE ONLY sms."SentInfo"
    ADD CONSTRAINT "PK_SentInfo" PRIMARY KEY (id);


--
-- TOC entry 2923 (class 2606 OID 16490)
-- Name: Settings PK_Settings; Type: CONSTRAINT; Schema: sms; Owner: postgres
--

ALTER TABLE ONLY sms."Settings"
    ADD CONSTRAINT "PK_Settings" PRIMARY KEY (id);


--
-- TOC entry 2925 (class 2606 OID 16500)
-- Name: TaskInfo PK_TaskInfo; Type: CONSTRAINT; Schema: sms; Owner: postgres
--

ALTER TABLE ONLY sms."TaskInfo"
    ADD CONSTRAINT "PK_TaskInfo" PRIMARY KEY (id);


--
-- TOC entry 2945 (class 2606 OID 16660)
-- Name: AdditionalInfo AdditionalInfo_pkey; Type: CONSTRAINT; Schema: um; Owner: postgres
--

ALTER TABLE ONLY um."AdditionalInfo"
    ADD CONSTRAINT "AdditionalInfo_pkey" PRIMARY KEY ("userId");


--
-- TOC entry 2947 (class 2606 OID 16673)
-- Name: AddressInfo AddressInfo_pkey; Type: CONSTRAINT; Schema: um; Owner: postgres
--

ALTER TABLE ONLY um."AddressInfo"
    ADD CONSTRAINT "AddressInfo_pkey" PRIMARY KEY ("userId");


--
-- TOC entry 2949 (class 2606 OID 16683)
-- Name: DeviceInfo DeviceInfo_pkey; Type: CONSTRAINT; Schema: um; Owner: postgres
--

ALTER TABLE ONLY um."DeviceInfo"
    ADD CONSTRAINT "DeviceInfo_pkey" PRIMARY KEY ("userId");


--
-- TOC entry 2927 (class 2606 OID 16546)
-- Name: AccountInfo PK_AccountInfo; Type: CONSTRAINT; Schema: um; Owner: postgres
--

ALTER TABLE ONLY um."AccountInfo"
    ADD CONSTRAINT "PK_AccountInfo" PRIMARY KEY (id);


--
-- TOC entry 2952 (class 2606 OID 16698)
-- Name: Group PK_Group; Type: CONSTRAINT; Schema: um; Owner: postgres
--

ALTER TABLE ONLY um."Group"
    ADD CONSTRAINT "PK_Group" PRIMARY KEY (id);


--
-- TOC entry 2929 (class 2606 OID 16553)
-- Name: Permissions PK_Permissions; Type: CONSTRAINT; Schema: um; Owner: postgres
--

ALTER TABLE ONLY um."Permissions"
    ADD CONSTRAINT "PK_Permissions" PRIMARY KEY (id);


--
-- TOC entry 2931 (class 2606 OID 16563)
-- Name: Roles PK_Roles; Type: CONSTRAINT; Schema: um; Owner: postgres
--

ALTER TABLE ONLY um."Roles"
    ADD CONSTRAINT "PK_Roles" PRIMARY KEY (id);


--
-- TOC entry 2933 (class 2606 OID 16573)
-- Name: Ticket PK_Ticket; Type: CONSTRAINT; Schema: um; Owner: postgres
--

ALTER TABLE ONLY um."Ticket"
    ADD CONSTRAINT "PK_Ticket" PRIMARY KEY (id);


--
-- TOC entry 2935 (class 2606 OID 16583)
-- Name: TicketDetail PK_TicketDetail; Type: CONSTRAINT; Schema: um; Owner: postgres
--

ALTER TABLE ONLY um."TicketDetail"
    ADD CONSTRAINT "PK_TicketDetail" PRIMARY KEY (id);


--
-- TOC entry 2954 (class 2606 OID 16708)
-- Name: PersonalInfo PersonalInfo_pkey; Type: CONSTRAINT; Schema: um; Owner: postgres
--

ALTER TABLE ONLY um."PersonalInfo"
    ADD CONSTRAINT "PersonalInfo_pkey" PRIMARY KEY ("userId");


--
-- TOC entry 2957 (class 2606 OID 16718)
-- Name: RolePermissions RolePermissions_pkey; Type: CONSTRAINT; Schema: um; Owner: postgres
--

ALTER TABLE ONLY um."RolePermissions"
    ADD CONSTRAINT "RolePermissions_pkey" PRIMARY KEY ("roleId", "permissionId");


--
-- TOC entry 2963 (class 2606 OID 16748)
-- Name: UserGroups UserGroups_pkey; Type: CONSTRAINT; Schema: um; Owner: postgres
--

ALTER TABLE ONLY um."UserGroups"
    ADD CONSTRAINT "UserGroups_pkey" PRIMARY KEY ("userId", "groupId");


--
-- TOC entry 2960 (class 2606 OID 16733)
-- Name: UserRoles UserRoles_pkey; Type: CONSTRAINT; Schema: um; Owner: postgres
--

ALTER TABLE ONLY um."UserRoles"
    ADD CONSTRAINT "UserRoles_pkey" PRIMARY KEY ("userId", "roleId");


--
-- TOC entry 2938 (class 1259 OID 16759)
-- Name: IX_NumberInfo_owner; Type: INDEX; Schema: sms; Owner: postgres
--

CREATE INDEX "IX_NumberInfo_owner" ON sms."NumberInfo" USING btree (owner);


--
-- TOC entry 2941 (class 1259 OID 16760)
-- Name: IX_PersonalTemplate_userId; Type: INDEX; Schema: sms; Owner: postgres
--

CREATE INDEX "IX_PersonalTemplate_userId" ON sms."PersonalTemplate" USING btree ("userId");


--
-- TOC entry 2950 (class 1259 OID 16761)
-- Name: IX_Group_owner; Type: INDEX; Schema: um; Owner: postgres
--

CREATE INDEX "IX_Group_owner" ON um."Group" USING btree (owner);


--
-- TOC entry 2955 (class 1259 OID 16762)
-- Name: IX_RolePermissions_permissionId; Type: INDEX; Schema: um; Owner: postgres
--

CREATE INDEX "IX_RolePermissions_permissionId" ON um."RolePermissions" USING btree ("permissionId");


--
-- TOC entry 2961 (class 1259 OID 16763)
-- Name: IX_UserGroups_groupId; Type: INDEX; Schema: um; Owner: postgres
--

CREATE INDEX "IX_UserGroups_groupId" ON um."UserGroups" USING btree ("groupId");


--
-- TOC entry 2958 (class 1259 OID 16764)
-- Name: IX_UserRoles_roleId; Type: INDEX; Schema: um; Owner: postgres
--

CREATE INDEX "IX_UserRoles_roleId" ON um."UserRoles" USING btree ("roleId");


--
-- TOC entry 2964 (class 2606 OID 16621)
-- Name: CreditInfo fk_user_credit; Type: FK CONSTRAINT; Schema: sms; Owner: postgres
--

ALTER TABLE ONLY sms."CreditInfo"
    ADD CONSTRAINT fk_user_credit FOREIGN KEY ("userId") REFERENCES um."AccountInfo"(id) ON DELETE RESTRICT;


--
-- TOC entry 2965 (class 2606 OID 16633)
-- Name: NumberInfo fk_user_number; Type: FK CONSTRAINT; Schema: sms; Owner: postgres
--

ALTER TABLE ONLY sms."NumberInfo"
    ADD CONSTRAINT fk_user_number FOREIGN KEY (owner) REFERENCES um."AccountInfo"(id) ON DELETE RESTRICT;


--
-- TOC entry 2966 (class 2606 OID 16648)
-- Name: PersonalTemplate fk_user_sms_template; Type: FK CONSTRAINT; Schema: sms; Owner: postgres
--

ALTER TABLE ONLY sms."PersonalTemplate"
    ADD CONSTRAINT fk_user_sms_template FOREIGN KEY ("userId") REFERENCES um."AccountInfo"(id) ON DELETE RESTRICT;


--
-- TOC entry 2970 (class 2606 OID 16699)
-- Name: Group Group_owner_fkey; Type: FK CONSTRAINT; Schema: um; Owner: postgres
--

ALTER TABLE ONLY um."Group"
    ADD CONSTRAINT "Group_owner_fkey" FOREIGN KEY (owner) REFERENCES um."AccountInfo"(id) ON DELETE RESTRICT;


--
-- TOC entry 2972 (class 2606 OID 16719)
-- Name: RolePermissions PERMISSION_ID_FK_ROLEPERMISSION; Type: FK CONSTRAINT; Schema: um; Owner: postgres
--

ALTER TABLE ONLY um."RolePermissions"
    ADD CONSTRAINT "PERMISSION_ID_FK_ROLEPERMISSION" FOREIGN KEY ("permissionId") REFERENCES um."Permissions"(id) ON DELETE RESTRICT;


--
-- TOC entry 2973 (class 2606 OID 16724)
-- Name: RolePermissions ROLE_ID_FK_ROLEPERMISSION; Type: FK CONSTRAINT; Schema: um; Owner: postgres
--

ALTER TABLE ONLY um."RolePermissions"
    ADD CONSTRAINT "ROLE_ID_FK_ROLEPERMISSION" FOREIGN KEY ("roleId") REFERENCES um."Roles"(id) ON DELETE RESTRICT;


--
-- TOC entry 2974 (class 2606 OID 16734)
-- Name: UserRoles ROLE_ID_FK_USERROLE; Type: FK CONSTRAINT; Schema: um; Owner: postgres
--

ALTER TABLE ONLY um."UserRoles"
    ADD CONSTRAINT "ROLE_ID_FK_USERROLE" FOREIGN KEY ("roleId") REFERENCES um."Roles"(id) ON DELETE RESTRICT;


--
-- TOC entry 2967 (class 2606 OID 16661)
-- Name: AdditionalInfo USER_ID_FK; Type: FK CONSTRAINT; Schema: um; Owner: postgres
--

ALTER TABLE ONLY um."AdditionalInfo"
    ADD CONSTRAINT "USER_ID_FK" FOREIGN KEY ("userId") REFERENCES um."AccountInfo"(id) ON DELETE RESTRICT;


--
-- TOC entry 2968 (class 2606 OID 16674)
-- Name: AddressInfo USER_ID_FK1; Type: FK CONSTRAINT; Schema: um; Owner: postgres
--

ALTER TABLE ONLY um."AddressInfo"
    ADD CONSTRAINT "USER_ID_FK1" FOREIGN KEY ("userId") REFERENCES um."AccountInfo"(id) ON DELETE RESTRICT;


--
-- TOC entry 2969 (class 2606 OID 16684)
-- Name: DeviceInfo USER_ID_FK2; Type: FK CONSTRAINT; Schema: um; Owner: postgres
--

ALTER TABLE ONLY um."DeviceInfo"
    ADD CONSTRAINT "USER_ID_FK2" FOREIGN KEY ("userId") REFERENCES um."AccountInfo"(id) ON DELETE RESTRICT;


--
-- TOC entry 2971 (class 2606 OID 16709)
-- Name: PersonalInfo USER_ID_FK3; Type: FK CONSTRAINT; Schema: um; Owner: postgres
--

ALTER TABLE ONLY um."PersonalInfo"
    ADD CONSTRAINT "USER_ID_FK3" FOREIGN KEY ("userId") REFERENCES um."AccountInfo"(id) ON DELETE RESTRICT;


--
-- TOC entry 2975 (class 2606 OID 16739)
-- Name: UserRoles USER_ID_FK_USERROLE; Type: FK CONSTRAINT; Schema: um; Owner: postgres
--

ALTER TABLE ONLY um."UserRoles"
    ADD CONSTRAINT "USER_ID_FK_USERROLE" FOREIGN KEY ("userId") REFERENCES um."AccountInfo"(id) ON DELETE RESTRICT;


--
-- TOC entry 2976 (class 2606 OID 16749)
-- Name: UserGroups UserGroups_groupId_fkey; Type: FK CONSTRAINT; Schema: um; Owner: postgres
--

ALTER TABLE ONLY um."UserGroups"
    ADD CONSTRAINT "UserGroups_groupId_fkey" FOREIGN KEY ("groupId") REFERENCES um."Group"(id) ON DELETE RESTRICT;


--
-- TOC entry 2977 (class 2606 OID 16754)
-- Name: UserGroups UserGroups_userId_fkey; Type: FK CONSTRAINT; Schema: um; Owner: postgres
--

ALTER TABLE ONLY um."UserGroups"
    ADD CONSTRAINT "UserGroups_userId_fkey" FOREIGN KEY ("userId") REFERENCES um."AccountInfo"(id) ON DELETE RESTRICT;


-- Completed on 2020-05-07 17:41:05

--
-- PostgreSQL database dump complete
--

